{
	"credit": "Made with Blockbench",
	"texture_size": [32, 32],
	"textures": {
		"0": "block/hattexture1",
		"1": "block/hattexture2",
		"particle": "block/hattexture1"
	},
	"elements": [
		{
			"from": [3, 0, 3],
			"to": [13, 1, 13],
			"faces": {
				"north": {"uv": [5, 0, 10, 0.5], "texture": "#0"},
				"east": {"uv": [5, 0.5, 10, 1], "texture": "#0"},
				"south": {"uv": [5, 1, 10, 1.5], "texture": "#0"},
				"west": {"uv": [5, 1.5, 10, 2], "texture": "#0"},
				"up": {"uv": [5, 5, 0, 0], "texture": "#0"},
				"down": {"uv": [5, 5, 0, 10], "texture": "#0"}
			}
		},
		{
			"from": [5, 1, 5],
			"to": [11, 11, 11],
			"faces": {
				"north": {"uv": [0, 0, 3, 5], "texture": "#1"},
				"east": {"uv": [3, 0, 6, 5], "texture": "#1"},
				"south": {"uv": [0, 5, 3, 10], "texture": "#1"},
				"west": {"uv": [3, 5, 6, 10], "texture": "#1"},
				"up": {"uv": [9, 3, 6, 0], "texture": "#1"},
				"down": {"uv": [9, 3, 6, 6], "texture": "#1"}
			}
		}
	],
	"display": {
		"head": {
			"translation": [0, 14.5, 0]
		}
	}
}